timestamp_utc,elapsed_seconds,direction,payload,payload_hex
2026-08-07T12:49:58.943+00:00,1.016000,TX,V,56 0d 0a
2026-08-07T12:49:59.139+00:00,1.219000,RX,Multiboard Ready,4d 75 6c 74 69 62 6f 61 72 64 20 52 65 61 64 79 0d 0a
2026-08-07T12:49:59.140+00:00,1.219000,RX,Multiboard v2.20251002#0,4d 75 6c 74 69 62 6f 61 72 64 20 76 32 2e 32 30 32 35 31 30 30 32 23 30 0d 0a
2026-08-07T12:49:59.935+00:00,2.016000,TX,L0,4c 30 0d 0a
2026-08-07T12:50:00.009+00:00,2.078000,RX,OK,4f 4b 0d 0a
2026-08-07T12:50:00.436+00:00,2.516000,TX,DFON,44 46 4f 4e 0d 0a
2026-08-07T12:50:00.664+00:00,2.735000,RX,FAIL,46 41 49 4c 0d 0a
2026-08-07T12:50:46.462+00:00,48.532000,TX,DFOFF,44 46 4f 46 46 0d 0a
2026-08-07T12:50:46.567+00:00,48.641000,RX,OK,4f 4b 0d 0a
